{"assets/fonts/poppins/Poppins-ExtraBold.ttf":["assets/fonts/poppins/Poppins-ExtraBold.ttf"],"assets/fonts/poppins/Poppins-Regular.ttf":["assets/fonts/poppins/Poppins-Regular.ttf"],"assets/fonts/poppins/Poppins-SemiBold.ttf":["assets/fonts/poppins/Poppins-SemiBold.ttf"],"packages/font_awesome_flutter/lib/fonts/fa-brands-400.ttf":["packages/font_awesome_flutter/lib/fonts/fa-brands-400.ttf"],"packages/font_awesome_flutter/lib/fonts/fa-regular-400.ttf":["packages/font_awesome_flutter/lib/fonts/fa-regular-400.ttf"],"packages/font_awesome_flutter/lib/fonts/fa-solid-900.ttf":["packages/font_awesome_flutter/lib/fonts/fa-solid-900.ttf"]}